{
  "ratings": [
    {
      "rating": 5,
      "quote": "Our trip to Corsica was truly life-changing. From the crystal clear waters of the Mediterranean to the breathtaking mountain summits, every moment was filled with beauty and adventure.",
      "author": "Amelie Garner"
    },
    {
      "rating": 5,
      "quote": "I never knew a place could be so picturesque until I visited Corsica. The scenery was beyond anything I've ever seen, and the memories will stay with me forever.",
      "author": "Heidi Liew"
    },
    {
      "rating": 4,
      "quote": "The hospitality we received during our stay in Corsica was second to none. Every staff member went above and beyond to make our vacation unforgettable.",
      "author": "Vladimir Zeman"
    },
    {
      "rating": 4,
      "quote": "Our mountain trek in Corsica was the highlight of our trip. The stunning vistas and challenging terrain made for an unforgettable experience.",
      "author": "Hannah Haynes"
    },
    {
      "rating": 5,
      "quote": "I never realized how much I needed a break from the hustle and bustle of city life until I visited Corsica. The peace and tranquility by the sea was exactly what I needed to recharge.",
      "author": "Ahmad Hakiki"
    }
  ]
}
